{
    "quizs": [
      {
        "id": "abcd",
        "title": "Quiz 1",
        "isActive": true,
        "time": 60,
        "quantityQuestion": 10,
        "description": "Địa lý Việt Nam"
      },
      {
        "id": "efgh",
        "title": "Quiz 2",
        "isActive": true,
        "time": 60,
        "quantityQuestion": 10,
        "description": "Lịch sử Việt Nam"
      },
      {
        "id": "ghik",
        "title": "Quiz 3",
        "isActive": true,
        "time": 20,
        "quantityQuestion": 10,
        "description": "Công nghệ máy tính"
      },
      {
        "id": "ghik",
        "title": "Quiz 4",
        "time": 20,
        "quantityQuestion": 10,
        "isActive": true,
        "description": "Bóng đá thế giới"
      },
      {
        "id": "ghyk",
        "title": "Quiz 5",
        "isActive": false,
        "time": 20,
        "quantityQuestion": 10,
        "description": "Lorem ipsum, dolor sit amet consectetur adipisicing elit. Esse quisquam nesciunt aliquam"
      },
      {
        "id": "302d",
        "title": "quizz test",
        "isActive": false,
        "time": "100",
        "description": "mô tả"
      },
      {
        "id": "79c1",
        "title": "quiz",
        "isActive": false,
        "time": "123",
        "description": "mô tả"
      },
      {
        "id": "d1ff",
        "title": "Quiz lession 4",
        "isActive": true,
        "time": "100",
        "description": "mô tả"
      }
    ],
    "questions": [
      {
        "id": "aaa1",
        "questionTiltle": "Việt Nam thuộc châu lục nào ?",
        "answers": [
          {
            "id": "1",
            "answerTitle": "Châu Á"
          },
          {
            "id": "2",
            "answerTitle": "Châu Âu"
          },
          {
            "id": "3",
            "answerTitle": "Châu Phi"
          },
          {
            "id": "4",
            "answerTitle": "Châu Mỹ"
          }
        ],
        "quizId": "abcd",
        "type": 1,
        "correctAnser": [
          "1"
        ]
      },
      {
        "id": "aaa2",
        "questionTiltle": "Các tỉnh thuộc Miền Bắc",
        "answers": [
          {
            "id": "1",
            "answerTitle": "Hà Nội"
          },
          {
            "id": "2",
            "answerTitle": "Đà Nẵng"
          },
          {
            "id": "3",
            "answerTitle": "Nam Định"
          },
          {
            "id": "4",
            "answerTitle": "Thành phố Hồ Chí Minh"
          }
        ],
        "quizId": "abcd",
        "type": 2,
        "correctAnser": [
          "1",
          "3"
        ]
      },
      {
        "id": "aaa3",
        "questionTiltle": "Thủ đô của Việt Nam",
        "answers": [
          {
            "id": "1",
            "answerTitle": "Bắc Ninh"
          },
          {
            "id": "2",
            "answerTitle": "Thành phố Hồ Chí Minh"
          },
          {
            "id": "3",
            "answerTitle": "Hà Nội"
          },
          {
            "id": "4",
            "answerTitle": "Hà Nam"
          }
        ],
        "quizId": "abcd",
        "type": 1,
        "correctAnser": [
          "3"
        ]
      },
      {
        "id": "aaa4",
        "questionTiltle": "Việt Nam thuộc châu lục nào ?",
        "answers": [
          {
            "id": "1",
            "answerTitle": "Châu Á"
          },
          {
            "id": "2",
            "answerTitle": "Châu Âu"
          },
          {
            "id": "3",
            "answerTitle": "Châu Phi"
          },
          {
            "id": "4",
            "answerTitle": "Châu Mỹ"
          }
        ],
        "quizId": "abcd",
        "type": 1,
        "correctAnser": [
          "1"
        ]
      },
      {
        "id": "aaa5",
        "questionTiltle": "Tỉnh nào có diện tích nhỏ nhất Việt Nam ?",
        "answers": [
          {
            "id": "1",
            "answerTitle": "Bắc Ninh"
          },
          {
            "id": "2",
            "answerTitle": "Hải Dương"
          },
          {
            "id": "3",
            "answerTitle": "Nghệ An"
          },
          {
            "id": "4",
            "answerTitle": "Cà Mau"
          }
        ],
        "quizId": "abcd",
        "type": 1,
        "correctAnser": [
          "1"
        ]
      },
      {
        "id": "aaa6",
        "questionTiltle": "Tỉnh thành đông dân nhất Việt Nam là tỉnh thành nào?",
        "answers": [
          {
            "id": "1",
            "answerTitle": "Hà Nội"
          },
          {
            "id": "2",
            "answerTitle": "Đà Nẵng"
          },
          {
            "id": "3",
            "answerTitle": "Thành phố Hồ Chí Minh"
          },
          {
            "id": "4",
            "answerTitle": "Nghệ AN"
          }
        ],
        "quizId": "abcd",
        "type": 1,
        "correctAnser": [
          "3"
        ]
      },
      {
        "id": "aaa7",
        "questionTiltle": "Các tỉnh/ thành phố thuộc miền Nam?",
        "answers": [
          {
            "id": "1",
            "answerTitle": "Đà Nẵng"
          },
          {
            "id": "2",
            "answerTitle": "Quảng Nam"
          },
          {
            "id": "3",
            "answerTitle": "Cà Mau"
          },
          {
            "id": "4",
            "answerTitle": "Bình Dương"
          }
        ],
        "quizId": "abcd",
        "type": 2,
        "correctAnser": [
          "3",
          "4"
        ]
      },
      {
        "id": "aaa8",
        "questionTiltle": "Tỉnh nào có mật độ dân số ít nhất Việt Nam?",
        "answers": [
          {
            "id": "1",
            "answerTitle": "Bắc Kạn"
          },
          {
            "id": "2",
            "answerTitle": "Sơn La"
          },
          {
            "id": "3",
            "answerTitle": "Lào Cai"
          },
          {
            "id": "4",
            "answerTitle": "Yên Bái"
          }
        ],
        "quizId": "abcd",
        "type": 1,
        "correctAnser": [
          "1"
        ]
      },
      {
        "id": "aaa9",
        "questionTiltle": "Đâu là hang động tự nhiên lớn nhất thế giới?",
        "answers": [
          {
            "id": "1",
            "answerTitle": "Phong nha"
          },
          {
            "id": "2",
            "answerTitle": "Thiên đàng"
          },
          {
            "id": "3",
            "answerTitle": "Thiên cung"
          },
          {
            "id": "4",
            "answerTitle": "Sơn Đoòng"
          }
        ],
        "quizId": "abcd",
        "type": 1,
        "correctAnser": [
          "4"
        ]
      },
      {
        "id": "aa10",
        "questionTiltle": "Ngọn núi cao nhất Việt Nam",
        "answers": [
          {
            "id": "1",
            "answerTitle": "Phanxipang"
          },
          {
            "id": "2",
            "answerTitle": "Tà Chì Nhù"
          },
          {
            "id": "3",
            "answerTitle": "Putaleng"
          },
          {
            "id": "4",
            "answerTitle": "Bạch Mộc Lương Tử"
          }
        ],
        "quizId": "abcd",
        "type": 1,
        "correctAnser": [
          "1"
        ]
      },
      {
        "id": "aa11",
        "questionTiltle": "Trận đánh nào diễn ra vào năm 1288 đã đánh bại quân Nguyên?",
        "answers": [
          {
            "id": "1",
            "answerTitle": "Trận Chi Lăng"
          },
          {
            "id": "2",
            "answerTitle": "Trận Bạch Đằng"
          },
          {
            "id": "3",
            "answerTitle": "Trận Ngọc Hồi"
          },
          {
            "id": "4",
            "answerTitle": "Trận Lam Sơn"
          }
        ],
        "quizId": "efgh",
        "type": 1,
        "correctAnser": [
          "2"
        ]
      },
      {
        "id": "aa12",
        "questionTiltle": "Cuộc khởi nghĩa Lam Sơn diễn ra vào thế kỷ nào?",
        "answers": [
          {
            "id": "1",
            "answerTitle": "Thế kỷ 12"
          },
          {
            "id": "2",
            "answerTitle": "Thế kỷ 13"
          },
          {
            "id": "3",
            "answerTitle": "Thế kỷ 14"
          },
          {
            "id": "4",
            "answerTitle": "Thế kỷ 15"
          }
        ],
        "quizId": "efgh",
        "type": 1,
        "correctAnser": [
          "4"
        ]
      },
      {
        "id": "aa13",
        "questionTiltle": " Trận nào diễn ra vào năm 1980 giữa quân đội Việt Nam và quân Pol Pot?",
        "answers": [
          {
            "id": "1",
            "answerTitle": "Trận biên giới Tây Nam"
          },
          {
            "id": "2",
            "answerTitle": "Trận Điện Biên Phủ"
          },
          {
            "id": "3",
            "answerTitle": "Trận Cầu Hiền Lương"
          },
          {
            "id": "4",
            "answerTitle": "Trận Xuân Mậu Thân"
          }
        ],
        "quizId": "efgh",
        "type": 1,
        "correctAnser": [
          "1"
        ]
      },
      {
        "id": "aa14",
        "questionTiltle": "Phong trào Cần Vương nổ ra vào năm nào?",
        "answers": [
          {
            "id": "1",
            "answerTitle": "1668"
          },
          {
            "id": "2",
            "answerTitle": "1885"
          },
          {
            "id": "3",
            "answerTitle": "1910"
          },
          {
            "id": "4",
            "answerTitle": "1905"
          }
        ],
        "quizId": "efgh",
        "type": 1,
        "correctAnser": [
          "2"
        ]
      },
      {
        "id": "aa15",
        "questionTiltle": "Năm nào diễn ra biểu tình chống chế độ Ngô Đình Diệm?",
        "answers": [
          {
            "id": "1",
            "answerTitle": "1643"
          },
          {
            "id": "2",
            "answerTitle": "1765"
          },
          {
            "id": "3",
            "answerTitle": "1687"
          },
          {
            "id": "4",
            "answerTitle": "1963"
          }
        ],
        "quizId": "efgh",
        "type": 1,
        "correctAnser": [
          "4"
        ]
      },
      {
        "id": "aa16",
        "questionTiltle": "Khởi nghĩa Lam Sơn nằm trong phong trào chống quân xâm lược nào?",
        "answers": [
          {
            "id": "1",
            "answerTitle": "Nhà Minh"
          },
          {
            "id": "2",
            "answerTitle": "Nhà Thanh"
          },
          {
            "id": "3",
            "answerTitle": "Nhà Hán"
          },
          {
            "id": "4",
            "answerTitle": "Nhà Tống"
          }
        ],
        "quizId": "efgh",
        "type": 1,
        "correctAnser": [
          "1"
        ]
      },
      {
        "id": "aa17",
        "questionTiltle": "Kháng chiến chống Pháp bắt đầu năm nào?",
        "answers": [
          {
            "id": "1",
            "answerTitle": "1946"
          },
          {
            "id": "2",
            "answerTitle": "1965"
          },
          {
            "id": "3",
            "answerTitle": "1675"
          },
          {
            "id": "4",
            "answerTitle": "1999"
          }
        ],
        "quizId": "efgh",
        "type": 1,
        "correctAnser": [
          "1"
        ]
      },
      {
        "id": "aa18",
        "questionTiltle": "Hiệp định nào kết thúc chiến tranh Việt Nam năm 1973?",
        "answers": [
          {
            "id": "1",
            "answerTitle": "Paris"
          },
          {
            "id": "2",
            "answerTitle": "London"
          },
          {
            "id": "3",
            "answerTitle": "Gerneve"
          },
          {
            "id": "4",
            "answerTitle": "Istanbul"
          }
        ],
        "quizId": "efgh",
        "type": 1,
        "correctAnser": [
          "1"
        ]
      },
      {
        "id": "aa19",
        "questionTiltle": "Kháng chiến chống Mỹ kết thúc vào năm nào?",
        "answers": [
          {
            "id": "1",
            "answerTitle": "1954"
          },
          {
            "id": "2",
            "answerTitle": "1969"
          },
          {
            "id": "3",
            "answerTitle": "1975"
          },
          {
            "id": "4",
            "answerTitle": "1945"
          }
        ],
        "quizId": "efgh",
        "type": 1,
        "correctAnser": [
          "3"
        ]
      },
      {
        "id": "aa10",
        "questionTiltle": "Vị vua nào đã lên ngôi khi mới 6 tuổi?",
        "answers": [
          {
            "id": "1",
            "answerTitle": "Lý Nhân Tông"
          },
          {
            "id": "2",
            "answerTitle": "Trần Nhân Tông"
          },
          {
            "id": "3",
            "answerTitle": "Lê Thánh Tông"
          },
          {
            "id": "4",
            "answerTitle": "Trần Thái Tông"
          }
        ],
        "quizId": "efgh",
        "type": 1,
        "correctAnser": [
          "1"
        ]
      },
      {
        "id": "f49b",
        "questionTiltle": "1",
        "answers": [
          {
            "id": "1",
            "answerTitle": "2"
          },
          {
            "id": "2",
            "answerTitle": "3"
          },
          {
            "id": "3",
            "answerTitle": "4"
          },
          {
            "id": "4",
            "answerTitle": "5"
          }
        ],
        "quizId": "79c1",
        "type": 1,
        "correctAnser": [
          "2"
        ]
      },
      {
        "id": "bdf1",
        "questionTiltle": "5",
        "answers": [
          {
            "id": "1",
            "answerTitle": "6"
          },
          {
            "id": "2",
            "answerTitle": "7"
          },
          {
            "id": "3",
            "answerTitle": "8"
          },
          {
            "id": "4",
            "answerTitle": "9"
          }
        ],
        "quizId": "79c1",
        "type": 1,
        "correctAnser": [
          "3"
        ]
      },
      {
        "id": "1723",
        "questionTiltle": "Bạn tên là gì?",
        "answers": [
          {
            "id": "1",
            "answerTitle": "Nam"
          },
          {
            "id": "2",
            "answerTitle": "Bình"
          },
          {
            "id": "3",
            "answerTitle": "Bắc"
          },
          {
            "id": "4",
            "answerTitle": "Long"
          }
        ],
        "quizId": "d1ff",
        "type": 1,
        "correctAnser": [
          "1"
        ]
      },
      {
        "id": "bbbb",
        "questionTiltle": "Bạn bao nhiêu tuổi",
        "answers": [
          {
            "id": "1",
            "answerTitle": "10"
          },
          {
            "id": "2",
            "answerTitle": "20"
          },
          {
            "id": "3",
            "answerTitle": "30"
          },
          {
            "id": "4",
            "answerTitle": "40"
          }
        ],
        "quizId": "d1ff",
        "type": 1,
        "correctAnser": [
          "4"
        ]
      }
    ]
  }